<?xml version="1.0" encoding="UTF-8"?>
<root>
  <item name="com.pallycon.widevinelibrary.PallyconDrmSession PallyconDrmSession(java.util.UUID, com.google.android.exoplayer2.drm.ExoMediaDrm, com.pallycon.widevinelibrary.PallyconDrmSession.ProvisioningManager, com.pallycon.widevinelibrary.PallyconDrmSession.ReferenceCountListener, java.util.List&lt;com.google.android.exoplayer2.drm.DrmInitData.SchemeData&gt;, int, boolean, boolean, byte[], java.util.HashMap&lt;java.lang.String,java.lang.String&gt;, com.google.android.exoplayer2.drm.MediaDrmCallback, android.os.Looper, com.google.android.exoplayer2.upstream.LoadErrorHandlingPolicy, android.content.Context, android.net.Uri, java.lang.String, java.lang.String, android.os.Handler, com.pallycon.widevinelibrary.PallyconEventListener) 5">
    <annotation name="androidx.annotation.IntDef">
      <val name="value" val="{com.pallycon.widevinelibrary.PallyconDrmSessionManager.MODE_PLAYBACK, com.pallycon.widevinelibrary.PallyconDrmSessionManager.MODE_QUERY, com.pallycon.widevinelibrary.PallyconDrmSessionManager.MODE_DOWNLOAD, com.pallycon.widevinelibrary.PallyconDrmSessionManager.MODE_RELEASE}" />
    </annotation>
  </item>
  <item name="com.pallycon.widevinelibrary.PallyconDrmSession mode">
    <annotation name="androidx.annotation.IntDef">
      <val name="value" val="{com.pallycon.widevinelibrary.PallyconDrmSessionManager.MODE_PLAYBACK, com.pallycon.widevinelibrary.PallyconDrmSessionManager.MODE_QUERY, com.pallycon.widevinelibrary.PallyconDrmSessionManager.MODE_DOWNLOAD, com.pallycon.widevinelibrary.PallyconDrmSessionManager.MODE_RELEASE}" />
    </annotation>
  </item>
  <item name="com.pallycon.widevinelibrary.PallyconDrmSessionManager void setMode(int, byte[]) 0">
    <annotation name="androidx.annotation.IntDef">
      <val name="value" val="{com.pallycon.widevinelibrary.PallyconDrmSessionManager.MODE_PLAYBACK, com.pallycon.widevinelibrary.PallyconDrmSessionManager.MODE_QUERY, com.pallycon.widevinelibrary.PallyconDrmSessionManager.MODE_DOWNLOAD, com.pallycon.widevinelibrary.PallyconDrmSessionManager.MODE_RELEASE}" />
    </annotation>
  </item>
  <item name="com.pallycon.widevinelibrary.PallyconDrmSessionManager.Mode">
    <annotation name="androidx.annotation.IntDef">
      <val name="value" val="{com.pallycon.widevinelibrary.PallyconDrmSessionManager.MODE_PLAYBACK, com.pallycon.widevinelibrary.PallyconDrmSessionManager.MODE_QUERY, com.pallycon.widevinelibrary.PallyconDrmSessionManager.MODE_DOWNLOAD, com.pallycon.widevinelibrary.PallyconDrmSessionManager.MODE_RELEASE}" />
    </annotation>
  </item>
</root>

